,matrix sizes,durations
0,2,5.9604644775390625e-06
1,4,1.4066696166992188e-05
2,8,8.082389831542969e-05
3,16,0.0005731582641601562
4,32,0.004958152770996094
5,64,0.042165517807006836
6,128,0.2757735252380371
7,256,2.3320655822753906
8,512,19.187150955200195
9,1024,156.42214727401733
10,2048,1253.3958518505096
11,4096,10046.566989421844
