,matrix sizes,durations
0,2,6.67572021484375e-06
1,4,1.4066696166992188e-05
2,8,7.963180541992188e-05
3,16,0.0005562305450439453
4,32,0.0042378902435302734
5,64,0.03534126281738281
6,128,0.29265546798706055
7,256,2.429792881011963
8,512,18.890136241912842
9,1024,138.13444137573242
10,2048,999.8259429931641
11,4096,7100.179966211319
